{"cameraMode":{"drawMode":0,"name":"Shaded","section":"Shading Mode"},"sceneLighting":true,"audioPlay":false,"sceneViewState":{"showFog":true,"showMaterialUpdate":false,"showSkybox":false,"showFlares":true,"showImageEffects":true,"showParticleSystems":true},"in2DMode":false,"pivot":{"x":-0.39728260040283205,"y":-19.679840087890626,"z":47.968017578125},"rotation":{"x":-0.46319344639778139,"y":0.0257816631346941,"z":-0.013479413464665413,"w":-0.885796308517456},"size":275.04779052734377,"orthographic":false}